Initial x,Initial y,Initial theta,Final xFinal y,Final theta,Delta x,Delta y,Delta theta
4.139793872833252,3.320873260498047,1.211313009262085,4.3310980796813965,3.8571767807006836,1.2101508378982544,0.5693213939666748,0.009590983390808105,-0.0011621713638305664
